sensor_id,timestamp,temperature,humidity,location,sensor_type
1066,2025-04-05 20:54:00,22.63,32.6,BuildingB_Floor1,TypeC
1077,2025-04-07 00:33:39,31.78,67.93,BuildingA_Floor2,TypeB
1021,2025-04-04 13:31:32,26.05,56.6,BuildingB_Floor2,TypeB
1019,2025-04-06 21:52:08,17.94,57.23,BuildingA_Floor2,TypeC
1040,2025-04-05 15:39:50,19.72,72.1,BuildingB_Floor1,TypeA
1015,2025-04-06 02:27:55,29.1,51.26,BuildingB_Floor1,TypeA
1004,2025-04-07 21:33:20,28.19,69.65,BuildingB_Floor2,TypeC
1008,2025-04-04 14:51:42,21.89,76.02,BuildingB_Floor2,TypeB
1095,2025-04-04 07:18:39,15.01,53.43,BuildingA_Floor1,TypeC
1028,2025-04-04 23:19:12,29.64,54.82,BuildingB_Floor1,TypeA
1061,2025-04-04 00:15:26,33.34,60.61,BuildingA_Floor2,TypeB
1031,2025-04-08 21:18:01,26.12,58.78,BuildingB_Floor1,TypeA
1009,2025-04-05 19:14:07,34.25,66.85,BuildingB_Floor2,TypeB
1059,2025-04-06 05:30:00,20.58,54.83,BuildingB_Floor2,TypeC
1023,2025-04-08 01:09:27,27.81,74.26,BuildingB_Floor2,TypeB
1051,2025-04-07 01:29:07,31.8,67.46,BuildingB_Floor2,TypeB
1034,2025-04-07 11:56:33,22.26,39.24,BuildingB_Floor2,TypeC
1089,2025-04-07 17:44:47,26.44,64.56,BuildingB_Floor2,TypeA
1071,2025-04-05 14:37:33,23.35,67.0,BuildingA_Floor1,TypeC
1021,2025-04-07 11:54:47,34.72,30.77,BuildingB_Floor2,TypeB
1068,2025-04-04 18:56:25,29.29,78.63,BuildingB_Floor1,TypeB
1062,2025-04-06 23:54:43,24.85,78.04,BuildingA_Floor2,TypeB
1062,2025-04-04 12:37:21,34.44,64.2,BuildingB_Floor1,TypeC
1088,2025-04-07 19:38:46,22.86,50.73,BuildingB_Floor2,TypeA
1050,2025-04-05 13:33:51,27.74,50.7,BuildingA_Floor2,TypeB
1026,2025-04-06 08:47:08,17.73,75.01,BuildingB_Floor1,TypeC
1063,2025-04-08 03:47:30,34.75,57.49,BuildingB_Floor2,TypeA
1018,2025-04-08 01:01:38,34.47,50.16,BuildingB_Floor1,TypeB
1026,2025-04-07 00:06:49,17.67,59.61,BuildingA_Floor2,TypeC
1037,2025-04-07 10:46:12,33.01,30.71,BuildingB_Floor2,TypeC
1013,2025-04-08 21:01:19,30.68,52.94,BuildingB_Floor1,TypeB
1077,2025-04-05 11:09:18,23.57,62.2,BuildingB_Floor2,TypeB
1096,2025-04-04 04:50:32,18.52,41.99,BuildingA_Floor2,TypeB
1015,2025-04-07 04:55:24,23.07,30.74,BuildingA_Floor2,TypeC
1018,2025-04-08 15:31:43,22.78,42.29,BuildingA_Floor2,TypeB
1062,2025-04-04 18:30:57,24.66,39.46,BuildingB_Floor2,TypeB
1088,2025-04-04 15:22:56,23.05,51.65,BuildingB_Floor2,TypeC
1038,2025-04-04 09:13:09,25.98,77.25,BuildingB_Floor1,TypeC
1006,2025-04-08 14:50:24,16.69,49.49,BuildingB_Floor2,TypeB
1052,2025-04-04 03:33:35,31.3,45.67,BuildingB_Floor2,TypeC
1094,2025-04-03 23:55:38,33.88,61.9,BuildingB_Floor2,TypeB
1087,2025-04-07 13:45:05,34.81,72.46,BuildingA_Floor1,TypeA
1047,2025-04-08 11:31:23,17.99,63.33,BuildingA_Floor2,TypeB
1049,2025-04-08 15:24:33,17.91,50.82,BuildingA_Floor2,TypeA
1100,2025-04-06 15:59:35,16.2,75.63,BuildingA_Floor1,TypeC
1045,2025-04-05 05:10:47,34.91,74.74,BuildingA_Floor2,TypeB
1042,2025-04-07 17:08:04,32.0,57.58,BuildingB_Floor1,TypeC
1047,2025-04-07 08:01:34,32.4,75.34,BuildingA_Floor2,TypeC
1047,2025-04-06 11:55:28,34.26,55.42,BuildingA_Floor1,TypeC
1061,2025-04-05 18:05:21,15.49,38.15,BuildingB_Floor2,TypeA
1063,2025-04-05 06:26:03,24.63,78.08,BuildingB_Floor2,TypeA
1074,2025-04-04 12:38:31,27.21,33.42,BuildingA_Floor2,TypeB
1077,2025-04-08 05:40:44,15.38,70.68,BuildingB_Floor1,TypeA
1067,2025-04-07 18:21:44,33.63,34.18,BuildingA_Floor2,TypeC
1020,2025-04-06 16:39:00,23.19,41.83,BuildingA_Floor2,TypeA
1059,2025-04-05 06:22:33,32.34,38.93,BuildingB_Floor2,TypeA
1028,2025-04-05 18:41:22,20.83,67.88,BuildingB_Floor2,TypeA
1010,2025-04-06 05:25:47,20.56,77.84,BuildingA_Floor2,TypeA
1072,2025-04-07 04:45:54,26.03,37.34,BuildingA_Floor1,TypeB
1012,2025-04-08 08:47:54,29.59,62.16,BuildingA_Floor1,TypeC
1062,2025-04-07 01:08:11,25.67,52.08,BuildingA_Floor1,TypeA
1070,2025-04-08 08:42:08,21.08,54.63,BuildingA_Floor1,TypeC
1091,2025-04-05 08:29:50,25.03,55.87,BuildingB_Floor2,TypeB
1003,2025-04-08 20:21:27,25.72,41.81,BuildingB_Floor1,TypeA
1087,2025-04-04 09:59:21,34.96,43.71,BuildingA_Floor1,TypeB
1096,2025-04-05 07:47:35,23.66,65.35,BuildingA_Floor1,TypeC
1079,2025-04-06 05:45:38,33.46,35.8,BuildingA_Floor1,TypeC
1086,2025-04-08 04:26:22,18.09,41.35,BuildingB_Floor2,TypeC
1017,2025-04-04 00:31:39,16.17,63.71,BuildingA_Floor1,TypeB
1040,2025-04-05 22:55:16,24.77,67.85,BuildingA_Floor2,TypeC
1056,2025-04-06 05:27:07,24.56,73.14,BuildingB_Floor1,TypeA
1076,2025-04-08 08:55:22,27.38,60.27,BuildingA_Floor1,TypeB
1068,2025-04-05 21:06:15,16.51,44.91,BuildingB_Floor1,TypeA
1055,2025-04-06 11:07:06,24.87,31.77,BuildingB_Floor2,TypeC
1014,2025-04-05 14:04:31,25.04,46.71,BuildingA_Floor1,TypeA
1049,2025-04-07 01:23:52,26.11,55.54,BuildingA_Floor1,TypeA
1057,2025-04-05 20:45:03,30.79,32.91,BuildingB_Floor1,TypeB
1097,2025-04-04 06:01:03,25.25,41.22,BuildingB_Floor1,TypeC
1031,2025-04-08 15:02:37,28.29,56.6,BuildingB_Floor1,TypeA
1084,2025-04-06 07:02:58,22.38,49.1,BuildingB_Floor2,TypeC
1023,2025-04-04 14:44:32,16.3,34.82,BuildingB_Floor1,TypeA
1085,2025-04-08 15:26:47,17.96,75.93,BuildingA_Floor1,TypeB
1001,2025-04-03 22:11:46,22.03,34.05,BuildingA_Floor1,TypeB
1006,2025-04-07 22:21:04,15.44,44.28,BuildingA_Floor1,TypeC
1089,2025-04-05 12:20:24,16.92,72.28,BuildingB_Floor1,TypeA
1050,2025-04-06 15:11:46,15.75,57.67,BuildingB_Floor2,TypeC
1072,2025-04-06 14:48:40,18.33,49.9,BuildingB_Floor1,TypeB
1032,2025-04-05 12:13:18,30.67,56.29,BuildingB_Floor2,TypeB
1097,2025-04-07 13:51:34,27.73,65.63,BuildingB_Floor1,TypeA
1062,2025-04-07 22:09:17,24.34,77.17,BuildingA_Floor2,TypeC
1087,2025-04-04 22:07:54,26.52,33.68,BuildingA_Floor2,TypeB
1038,2025-04-08 04:43:59,24.55,34.28,BuildingA_Floor1,TypeB
1063,2025-04-06 17:39:12,20.58,73.78,BuildingB_Floor2,TypeC
1082,2025-04-05 17:57:18,28.66,77.7,BuildingA_Floor1,TypeA
1031,2025-04-08 19:41:21,18.74,52.76,BuildingB_Floor1,TypeA
1000,2025-04-05 15:16:43,23.71,43.04,BuildingA_Floor2,TypeC
1057,2025-04-08 18:54:54,17.81,35.64,BuildingA_Floor1,TypeC
1074,2025-04-08 19:00:14,28.78,58.02,BuildingB_Floor2,TypeB
1092,2025-04-06 00:25:18,24.99,52.38,BuildingA_Floor2,TypeC
1057,2025-04-04 23:20:53,34.57,39.43,BuildingA_Floor2,TypeB
1092,2025-04-03 21:31:56,22.12,45.71,BuildingB_Floor2,TypeB
1043,2025-04-04 15:41:38,24.22,49.95,BuildingA_Floor1,TypeB
1034,2025-04-05 11:07:56,32.68,74.61,BuildingB_Floor1,TypeA
1050,2025-04-07 18:51:20,18.16,38.62,BuildingB_Floor2,TypeA
1100,2025-04-05 10:26:29,33.89,70.47,BuildingA_Floor2,TypeA
1014,2025-04-06 04:44:58,24.93,59.89,BuildingB_Floor1,TypeA
1057,2025-04-03 23:20:55,23.24,61.07,BuildingB_Floor2,TypeA
1006,2025-04-05 04:25:07,28.42,56.94,BuildingB_Floor1,TypeB
1042,2025-04-04 10:51:24,28.2,52.89,BuildingB_Floor1,TypeA
1059,2025-04-05 13:53:50,32.94,67.8,BuildingB_Floor1,TypeB
1044,2025-04-07 21:59:47,21.97,46.41,BuildingA_Floor1,TypeB
1000,2025-04-04 11:54:28,29.04,33.95,BuildingA_Floor2,TypeB
1014,2025-04-06 05:29:53,26.57,47.61,BuildingA_Floor2,TypeB
1084,2025-04-05 16:33:22,15.73,64.1,BuildingB_Floor2,TypeB
1071,2025-04-08 01:51:26,15.9,46.53,BuildingB_Floor1,TypeB
1018,2025-04-08 18:53:44,15.36,43.77,BuildingA_Floor1,TypeC
1068,2025-04-07 00:50:58,25.25,77.91,BuildingA_Floor2,TypeB
1009,2025-04-07 20:35:11,22.21,56.06,BuildingB_Floor1,TypeA
1013,2025-04-04 09:04:45,16.14,43.61,BuildingA_Floor1,TypeB
1034,2025-04-07 09:40:15,18.37,76.57,BuildingA_Floor1,TypeA
1022,2025-04-05 00:23:38,28.34,56.06,BuildingB_Floor1,TypeA
1055,2025-04-06 02:57:03,15.79,59.18,BuildingA_Floor2,TypeC
1092,2025-04-06 20:59:15,34.01,49.44,BuildingA_Floor1,TypeC
1023,2025-04-05 04:17:54,20.03,34.82,BuildingA_Floor2,TypeA
1098,2025-04-06 07:26:33,25.89,40.1,BuildingA_Floor2,TypeB
1095,2025-04-06 00:29:16,23.45,38.0,BuildingB_Floor1,TypeB
1080,2025-04-06 12:04:28,21.3,74.68,BuildingA_Floor2,TypeA
1026,2025-04-06 06:35:29,27.62,38.91,BuildingA_Floor1,TypeC
1076,2025-04-04 18:39:21,26.78,58.84,BuildingB_Floor1,TypeA
1030,2025-04-06 12:54:24,32.38,34.32,BuildingA_Floor2,TypeB
1024,2025-04-07 00:05:55,26.63,73.49,BuildingA_Floor2,TypeA
1099,2025-04-06 11:05:48,26.12,78.46,BuildingB_Floor2,TypeB
1064,2025-04-04 07:53:47,32.67,76.55,BuildingB_Floor2,TypeA
1033,2025-04-07 21:15:49,20.76,59.58,BuildingA_Floor2,TypeA
1055,2025-04-06 07:07:47,29.3,71.77,BuildingA_Floor2,TypeC
1029,2025-04-08 10:29:41,26.12,65.08,BuildingB_Floor2,TypeA
1007,2025-04-04 00:25:29,18.21,40.68,BuildingB_Floor1,TypeA
1062,2025-04-05 16:35:34,17.2,56.65,BuildingB_Floor1,TypeA
1046,2025-04-04 21:23:10,20.57,47.15,BuildingA_Floor1,TypeA
1080,2025-04-06 10:52:34,23.19,67.99,BuildingA_Floor1,TypeC
1074,2025-04-07 10:37:25,24.75,30.88,BuildingB_Floor2,TypeC
1034,2025-04-04 02:04:31,31.43,64.0,BuildingB_Floor1,TypeB
1028,2025-04-05 18:41:16,23.94,37.28,BuildingB_Floor1,TypeC
1013,2025-04-06 05:22:58,24.04,61.94,BuildingB_Floor1,TypeC
1072,2025-04-04 06:50:49,24.66,32.43,BuildingB_Floor1,TypeB
1092,2025-04-04 16:47:15,34.6,51.47,BuildingA_Floor1,TypeB
1086,2025-04-05 10:48:44,17.04,33.45,BuildingA_Floor2,TypeB
1023,2025-04-06 02:24:11,31.85,35.74,BuildingA_Floor1,TypeA
1004,2025-04-05 13:57:18,24.63,72.44,BuildingB_Floor2,TypeB
1045,2025-04-06 23:21:13,23.52,51.76,BuildingA_Floor2,TypeB
1020,2025-04-05 01:10:13,25.8,72.72,BuildingB_Floor1,TypeA
1006,2025-04-04 05:25:13,19.14,35.84,BuildingB_Floor1,TypeB
1077,2025-04-06 07:16:04,27.42,43.85,BuildingA_Floor2,TypeB
1095,2025-04-06 23:52:16,21.93,41.84,BuildingB_Floor2,TypeA
1056,2025-04-05 16:16:17,16.41,63.22,BuildingA_Floor2,TypeA
1011,2025-04-08 13:48:58,30.07,56.73,BuildingA_Floor1,TypeB
1063,2025-04-08 15:56:06,16.31,74.6,BuildingB_Floor2,TypeA
1024,2025-04-05 17:43:37,34.72,77.78,BuildingB_Floor2,TypeC
1089,2025-04-07 20:02:38,29.18,38.97,BuildingA_Floor2,TypeB
1051,2025-04-08 16:59:15,19.1,66.03,BuildingA_Floor1,TypeC
1100,2025-04-07 21:22:26,22.88,38.83,BuildingA_Floor1,TypeB
1012,2025-04-05 11:58:38,29.95,34.05,BuildingA_Floor2,TypeA
1059,2025-04-05 10:41:12,15.48,57.72,BuildingB_Floor2,TypeB
1088,2025-04-06 23:29:50,21.64,51.63,BuildingA_Floor1,TypeB
1059,2025-04-05 01:31:47,20.54,52.91,BuildingA_Floor1,TypeC
1099,2025-04-07 00:30:57,29.69,61.78,BuildingB_Floor1,TypeB
1090,2025-04-08 05:27:01,26.82,46.15,BuildingA_Floor1,TypeB
1082,2025-04-05 13:53:54,32.65,35.25,BuildingB_Floor1,TypeB
1028,2025-04-07 12:02:48,21.71,58.9,BuildingA_Floor1,TypeA
1050,2025-04-03 22:18:09,22.3,69.56,BuildingA_Floor1,TypeC
1028,2025-04-04 06:05:45,26.15,50.75,BuildingB_Floor2,TypeA
1057,2025-04-04 12:09:46,22.11,40.05,BuildingA_Floor1,TypeA
1097,2025-04-06 17:14:03,33.82,46.0,BuildingB_Floor1,TypeA
1039,2025-04-08 12:23:29,23.29,56.35,BuildingA_Floor1,TypeA
1026,2025-04-05 03:11:18,33.51,72.62,BuildingB_Floor1,TypeA
1079,2025-04-06 16:20:23,26.84,75.34,BuildingB_Floor1,TypeC
1055,2025-04-06 00:04:49,19.56,36.85,BuildingA_Floor2,TypeA
1033,2025-04-04 22:53:40,17.97,53.25,BuildingB_Floor2,TypeB
1070,2025-04-06 09:47:47,23.46,38.98,BuildingB_Floor2,TypeC
1020,2025-04-06 18:35:11,20.62,39.78,BuildingB_Floor1,TypeC
1099,2025-04-08 00:09:36,25.46,47.2,BuildingB_Floor2,TypeC
1021,2025-04-07 05:47:36,32.54,56.81,BuildingA_Floor2,TypeC
1006,2025-04-03 21:43:28,25.9,57.79,BuildingA_Floor1,TypeB
1066,2025-04-07 08:06:01,17.99,64.11,BuildingA_Floor1,TypeC
1080,2025-04-04 17:50:24,25.16,35.68,BuildingB_Floor1,TypeC
1071,2025-04-08 20:19:32,24.89,59.57,BuildingB_Floor1,TypeC
1094,2025-04-05 01:27:32,27.24,35.18,BuildingB_Floor2,TypeB
1023,2025-04-07 01:48:28,29.32,75.87,BuildingB_Floor1,TypeB
1074,2025-04-05 23:26:15,27.34,66.91,BuildingA_Floor1,TypeA
1075,2025-04-07 19:30:35,26.35,48.26,BuildingB_Floor2,TypeB
1065,2025-04-06 00:08:34,31.35,33.66,BuildingA_Floor1,TypeC
1081,2025-04-07 13:59:22,24.68,66.44,BuildingA_Floor2,TypeB
1040,2025-04-07 14:25:44,28.5,49.12,BuildingB_Floor1,TypeC
1065,2025-04-04 05:41:12,21.47,64.77,BuildingB_Floor2,TypeC
1015,2025-04-04 11:31:57,22.18,58.78,BuildingB_Floor2,TypeA
1037,2025-04-05 22:11:02,28.03,40.6,BuildingA_Floor2,TypeB
1020,2025-04-04 02:57:21,23.37,67.18,BuildingB_Floor1,TypeB
1004,2025-04-06 11:20:28,20.37,69.6,BuildingA_Floor2,TypeC
1039,2025-04-07 12:02:34,23.31,71.38,BuildingA_Floor2,TypeA
1095,2025-04-07 17:17:07,32.68,50.1,BuildingB_Floor1,TypeB
1012,2025-04-06 01:14:34,25.41,58.01,BuildingB_Floor2,TypeA
1096,2025-04-05 15:56:57,26.75,52.95,BuildingB_Floor1,TypeA
1048,2025-04-07 06:56:06,19.33,37.6,BuildingA_Floor2,TypeB
1070,2025-04-03 21:40:44,27.94,61.41,BuildingA_Floor1,TypeA
1073,2025-04-03 21:41:03,23.2,64.61,BuildingA_Floor1,TypeA
1049,2025-04-06 01:27:08,30.49,53.14,BuildingA_Floor2,TypeA
1015,2025-04-05 21:37:38,30.09,66.2,BuildingB_Floor2,TypeC
1071,2025-04-05 16:58:49,24.55,63.58,BuildingA_Floor2,TypeC
1085,2025-04-08 02:13:50,29.1,37.68,BuildingA_Floor1,TypeC
1007,2025-04-08 18:13:12,24.88,38.67,BuildingB_Floor2,TypeA
1002,2025-04-05 15:15:20,25.58,75.05,BuildingB_Floor2,TypeB
1061,2025-04-07 06:07:49,26.24,79.69,BuildingB_Floor2,TypeC
1016,2025-04-05 06:17:54,31.89,77.44,BuildingA_Floor2,TypeC
1003,2025-04-05 22:19:52,15.45,37.58,BuildingB_Floor2,TypeB
1016,2025-04-07 13:02:40,29.42,47.28,BuildingB_Floor2,TypeB
1006,2025-04-05 02:55:08,24.19,42.08,BuildingB_Floor2,TypeA
1049,2025-04-08 08:59:33,16.85,54.48,BuildingA_Floor2,TypeB
1016,2025-04-05 00:14:58,22.4,30.04,BuildingA_Floor1,TypeC
1073,2025-04-07 05:43:50,26.58,34.6,BuildingB_Floor2,TypeA
1016,2025-04-08 01:23:14,25.65,53.66,BuildingB_Floor1,TypeA
1040,2025-04-06 13:33:57,18.84,59.2,BuildingB_Floor2,TypeB
1030,2025-04-04 03:50:10,17.13,66.63,BuildingA_Floor2,TypeA
1084,2025-04-04 07:31:23,30.81,52.61,BuildingB_Floor1,TypeB
1002,2025-04-05 11:04:08,17.71,68.15,BuildingA_Floor2,TypeB
1098,2025-04-05 14:40:43,15.79,30.99,BuildingB_Floor2,TypeA
1039,2025-04-04 05:57:58,28.8,60.63,BuildingB_Floor2,TypeA
1080,2025-04-04 20:20:54,19.83,39.62,BuildingB_Floor1,TypeC
1015,2025-04-04 08:32:48,34.45,58.56,BuildingA_Floor2,TypeB
1022,2025-04-05 00:41:55,26.02,49.46,BuildingB_Floor1,TypeC
1016,2025-04-08 17:40:25,24.4,52.56,BuildingB_Floor2,TypeA
1096,2025-04-04 03:35:16,17.54,43.71,BuildingA_Floor1,TypeA
1064,2025-04-06 23:55:32,23.0,65.11,BuildingA_Floor1,TypeB
1045,2025-04-05 11:49:24,22.15,51.44,BuildingB_Floor2,TypeA
1070,2025-04-05 06:11:35,16.92,47.79,BuildingB_Floor2,TypeA
1034,2025-04-05 19:43:19,25.67,52.09,BuildingB_Floor1,TypeB
1065,2025-04-08 13:56:49,16.61,30.08,BuildingB_Floor2,TypeA
1029,2025-04-07 19:05:15,20.34,60.66,BuildingA_Floor1,TypeA
1020,2025-04-07 18:44:56,23.98,31.66,BuildingA_Floor2,TypeA
1046,2025-04-06 13:28:10,17.8,71.31,BuildingA_Floor1,TypeB
1055,2025-04-04 06:32:24,23.28,35.35,BuildingB_Floor2,TypeB
1013,2025-04-08 08:33:07,20.52,45.0,BuildingA_Floor1,TypeB
1014,2025-04-08 13:17:53,23.37,75.53,BuildingA_Floor2,TypeC
1067,2025-04-05 15:03:32,26.39,70.8,BuildingA_Floor1,TypeC
1013,2025-04-05 20:40:48,31.42,63.15,BuildingA_Floor2,TypeC
1031,2025-04-06 18:28:20,17.36,37.79,BuildingB_Floor2,TypeB
1077,2025-04-05 11:55:43,31.27,59.86,BuildingB_Floor2,TypeB
1042,2025-04-05 01:28:31,28.09,48.67,BuildingA_Floor1,TypeA
1019,2025-04-07 10:35:30,31.86,39.44,BuildingB_Floor1,TypeB
1096,2025-04-08 19:58:22,18.16,72.15,BuildingB_Floor1,TypeA
1086,2025-04-08 05:35:28,22.66,71.51,BuildingB_Floor2,TypeB
1014,2025-04-05 21:34:51,32.6,75.93,BuildingB_Floor1,TypeC
1078,2025-04-06 16:37:24,20.44,52.04,BuildingB_Floor1,TypeA
1091,2025-04-06 12:53:48,15.26,36.76,BuildingA_Floor2,TypeC
1092,2025-04-04 07:34:07,34.44,66.74,BuildingB_Floor1,TypeC
1033,2025-04-08 14:40:38,23.1,34.78,BuildingB_Floor1,TypeC
1046,2025-04-05 17:23:43,33.79,47.23,BuildingB_Floor1,TypeA
1009,2025-04-06 19:51:01,32.12,61.41,BuildingB_Floor2,TypeB
1072,2025-04-06 15:13:51,26.44,69.93,BuildingB_Floor1,TypeA
1037,2025-04-07 21:26:13,23.39,67.44,BuildingB_Floor1,TypeB
1030,2025-04-06 18:19:34,21.88,32.14,BuildingB_Floor1,TypeB
1080,2025-04-06 13:07:55,27.2,49.47,BuildingA_Floor2,TypeB
1074,2025-04-05 09:49:07,23.85,63.6,BuildingA_Floor1,TypeC
1009,2025-04-05 13:11:53,23.82,45.78,BuildingA_Floor1,TypeB
1054,2025-04-08 08:51:15,34.98,41.59,BuildingA_Floor1,TypeB
1065,2025-04-05 23:00:22,27.94,52.9,BuildingB_Floor2,TypeA
1051,2025-04-06 05:53:04,15.84,51.57,BuildingA_Floor2,TypeB
1098,2025-04-06 08:00:17,20.22,48.1,BuildingA_Floor2,TypeC
1046,2025-04-06 11:40:00,26.38,49.97,BuildingB_Floor2,TypeA
1058,2025-04-06 07:53:48,15.82,40.52,BuildingB_Floor2,TypeB
1052,2025-04-04 18:52:51,26.6,77.01,BuildingA_Floor2,TypeA
1036,2025-04-06 22:21:09,29.81,37.35,BuildingA_Floor2,TypeA
1017,2025-04-04 20:31:16,20.51,42.37,BuildingA_Floor2,TypeA
1047,2025-04-07 17:23:26,22.1,48.65,BuildingA_Floor1,TypeB
1031,2025-04-04 16:37:05,15.49,62.63,BuildingA_Floor1,TypeB
1043,2025-04-07 21:20:12,15.94,59.51,BuildingA_Floor2,TypeC
1027,2025-04-07 03:04:00,31.16,42.74,BuildingA_Floor1,TypeA
1042,2025-04-07 04:05:22,33.82,52.94,BuildingB_Floor1,TypeB
1015,2025-04-04 23:24:12,22.97,50.28,BuildingA_Floor1,TypeC
1063,2025-04-08 08:24:02,25.92,76.19,BuildingB_Floor1,TypeA
1043,2025-04-07 06:20:49,22.21,56.0,BuildingA_Floor2,TypeC
1000,2025-04-04 14:48:17,24.64,79.63,BuildingB_Floor1,TypeA
1090,2025-04-06 14:32:44,15.24,51.74,BuildingA_Floor1,TypeB
1062,2025-04-06 16:29:19,28.97,59.91,BuildingA_Floor1,TypeC
1004,2025-04-07 06:31:26,25.56,55.05,BuildingB_Floor2,TypeA
1066,2025-04-06 07:13:47,15.45,31.59,BuildingB_Floor2,TypeA
1055,2025-04-08 16:43:34,21.21,64.12,BuildingA_Floor1,TypeB
1002,2025-04-07 02:25:55,20.18,45.07,BuildingA_Floor1,TypeB
1038,2025-04-06 02:45:45,33.27,65.23,BuildingA_Floor1,TypeB
1082,2025-04-05 08:06:23,17.44,38.29,BuildingA_Floor1,TypeC
1011,2025-04-08 13:48:30,28.74,71.29,BuildingA_Floor2,TypeB
1063,2025-04-07 20:32:12,28.63,73.54,BuildingB_Floor1,TypeC
1000,2025-04-05 01:11:29,15.11,63.3,BuildingA_Floor1,TypeA
1043,2025-04-08 17:01:32,21.49,64.0,BuildingB_Floor1,TypeB
1099,2025-04-06 23:30:16,16.91,43.2,BuildingB_Floor2,TypeB
1077,2025-04-04 11:52:03,26.16,46.69,BuildingB_Floor1,TypeB
1035,2025-04-05 02:58:43,28.08,66.88,BuildingA_Floor1,TypeA
1049,2025-04-08 12:23:34,27.92,49.35,BuildingA_Floor2,TypeC
1062,2025-04-04 11:46:27,27.87,35.53,BuildingA_Floor1,TypeB
1079,2025-04-04 11:21:17,15.14,74.25,BuildingA_Floor2,TypeB
1059,2025-04-06 12:38:30,20.63,63.62,BuildingA_Floor1,TypeA
1088,2025-04-04 11:27:39,21.55,63.65,BuildingA_Floor1,TypeB
1086,2025-04-06 00:36:20,26.62,77.11,BuildingA_Floor2,TypeB
1098,2025-04-07 06:21:04,21.12,69.94,BuildingA_Floor2,TypeB
1077,2025-04-06 18:09:12,32.06,55.0,BuildingB_Floor2,TypeA
1087,2025-04-04 15:47:35,18.51,74.53,BuildingA_Floor2,TypeA
1066,2025-04-05 11:25:23,20.18,65.33,BuildingA_Floor1,TypeB
1093,2025-04-04 15:25:25,29.21,40.68,BuildingB_Floor2,TypeB
1039,2025-04-06 17:54:06,30.09,68.01,BuildingA_Floor1,TypeB
1042,2025-04-07 02:53:07,31.58,65.51,BuildingB_Floor2,TypeB
1044,2025-04-04 08:50:02,34.23,32.45,BuildingB_Floor2,TypeB
1086,2025-04-03 22:53:49,27.0,67.47,BuildingB_Floor2,TypeA
1001,2025-04-06 16:26:28,22.01,52.54,BuildingA_Floor1,TypeA
1039,2025-04-06 23:07:11,26.4,45.72,BuildingB_Floor2,TypeC
1022,2025-04-07 13:53:07,18.62,72.33,BuildingB_Floor1,TypeC
1100,2025-04-04 21:37:59,34.45,39.61,BuildingB_Floor1,TypeB
1000,2025-04-05 14:17:33,32.09,63.55,BuildingB_Floor1,TypeA
1028,2025-04-06 17:15:06,33.27,47.04,BuildingB_Floor2,TypeA
1008,2025-04-07 12:04:01,33.97,75.53,BuildingA_Floor1,TypeB
1029,2025-04-06 17:34:56,16.96,70.6,BuildingA_Floor1,TypeB
1062,2025-04-04 12:24:18,31.58,42.47,BuildingA_Floor2,TypeA
1075,2025-04-05 22:33:43,24.9,38.48,BuildingA_Floor1,TypeB
1095,2025-04-07 10:20:43,16.53,54.35,BuildingA_Floor1,TypeA
1063,2025-04-05 04:53:15,27.26,70.88,BuildingA_Floor1,TypeC
1022,2025-04-05 20:12:20,28.8,57.72,BuildingB_Floor2,TypeC
1009,2025-04-08 15:00:18,20.05,42.32,BuildingA_Floor1,TypeB
1046,2025-04-08 03:37:10,20.14,58.24,BuildingA_Floor2,TypeB
1059,2025-04-08 06:06:26,15.01,70.16,BuildingA_Floor1,TypeB
1014,2025-04-04 13:39:50,28.42,72.61,BuildingA_Floor1,TypeB
1085,2025-04-07 15:16:18,15.52,59.33,BuildingB_Floor2,TypeB
1043,2025-04-05 14:00:12,25.87,63.1,BuildingA_Floor1,TypeC
1030,2025-04-04 22:19:14,21.37,31.45,BuildingB_Floor2,TypeC
1011,2025-04-04 14:59:56,23.01,63.58,BuildingA_Floor1,TypeB
1044,2025-04-08 07:19:47,15.8,30.61,BuildingB_Floor1,TypeA
1059,2025-04-06 05:23:39,31.67,51.9,BuildingB_Floor1,TypeC
1068,2025-04-08 07:41:35,28.61,58.9,BuildingB_Floor2,TypeA
1067,2025-04-08 12:46:49,34.06,41.77,BuildingB_Floor1,TypeC
1026,2025-04-06 04:07:20,32.31,48.09,BuildingA_Floor1,TypeB
1051,2025-04-07 15:34:57,26.25,74.2,BuildingA_Floor1,TypeC
1096,2025-04-04 09:28:35,33.54,51.55,BuildingA_Floor1,TypeC
1097,2025-04-08 16:42:05,24.46,75.61,BuildingA_Floor2,TypeB
1019,2025-04-04 20:16:30,24.33,34.99,BuildingA_Floor2,TypeB
1015,2025-04-06 19:16:10,26.31,53.57,BuildingA_Floor1,TypeC
1055,2025-04-07 03:57:07,30.19,35.67,BuildingA_Floor1,TypeA
1003,2025-04-08 07:34:14,28.24,49.91,BuildingA_Floor1,TypeC
1008,2025-04-06 08:07:10,19.91,45.96,BuildingB_Floor2,TypeA
1098,2025-04-07 13:03:48,27.36,38.18,BuildingB_Floor1,TypeB
1029,2025-04-05 11:40:39,21.92,61.48,BuildingA_Floor2,TypeC
1077,2025-04-07 04:12:10,20.37,78.52,BuildingA_Floor1,TypeC
1070,2025-04-04 17:39:40,18.32,61.42,BuildingB_Floor2,TypeB
1035,2025-04-06 10:01:42,23.88,62.75,BuildingB_Floor2,TypeC
1089,2025-04-05 20:35:57,22.9,65.64,BuildingB_Floor2,TypeB
1006,2025-04-07 12:09:45,24.89,46.42,BuildingB_Floor2,TypeB
1022,2025-04-08 16:27:08,19.39,79.89,BuildingA_Floor2,TypeB
1045,2025-04-05 10:22:50,16.96,37.59,BuildingA_Floor2,TypeA
1081,2025-04-05 17:03:43,28.97,55.48,BuildingA_Floor2,TypeB
1037,2025-04-04 15:00:32,28.87,38.52,BuildingA_Floor2,TypeB
1035,2025-04-07 18:48:49,24.49,68.84,BuildingB_Floor1,TypeA
1084,2025-04-05 11:33:01,34.06,30.16,BuildingA_Floor2,TypeA
1046,2025-04-07 15:11:25,27.23,60.19,BuildingA_Floor1,TypeC
1030,2025-04-05 23:23:14,16.73,47.56,BuildingB_Floor2,TypeA
1086,2025-04-08 20:06:57,15.69,65.65,BuildingB_Floor1,TypeA
1021,2025-04-07 04:47:30,28.66,34.5,BuildingB_Floor1,TypeC
1096,2025-04-06 04:29:25,34.75,72.44,BuildingA_Floor1,TypeC
1042,2025-04-04 06:14:57,19.53,51.69,BuildingB_Floor1,TypeC
1019,2025-04-04 11:54:43,16.75,51.9,BuildingA_Floor1,TypeB
1002,2025-04-08 09:36:52,28.59,37.24,BuildingB_Floor1,TypeA
1011,2025-04-04 20:44:31,24.67,30.56,BuildingA_Floor1,TypeA
1061,2025-04-07 03:51:29,21.12,46.14,BuildingB_Floor2,TypeC
1050,2025-04-06 19:21:11,15.01,54.66,BuildingA_Floor2,TypeC
1073,2025-04-06 22:06:50,26.61,56.0,BuildingA_Floor1,TypeA
1020,2025-04-06 15:56:51,30.06,61.56,BuildingA_Floor1,TypeA
1075,2025-04-07 23:57:39,25.88,58.11,BuildingB_Floor1,TypeA
1067,2025-04-05 19:54:20,16.14,77.64,BuildingA_Floor1,TypeA
1056,2025-04-05 08:08:13,31.59,64.98,BuildingA_Floor1,TypeA
1056,2025-04-06 08:16:39,17.87,65.44,BuildingB_Floor1,TypeA
1078,2025-04-06 17:42:43,15.88,64.09,BuildingA_Floor2,TypeA
1074,2025-04-06 16:54:22,15.01,67.46,BuildingB_Floor1,TypeC
1019,2025-04-07 22:43:56,19.95,38.29,BuildingA_Floor2,TypeC
1084,2025-04-05 22:15:06,19.96,71.76,BuildingA_Floor1,TypeB
1034,2025-04-05 13:45:46,34.3,49.65,BuildingB_Floor1,TypeA
1032,2025-04-04 01:22:30,31.27,58.79,BuildingA_Floor1,TypeC
1077,2025-04-06 21:35:37,24.83,77.37,BuildingA_Floor1,TypeC
1093,2025-04-04 06:29:14,27.5,42.25,BuildingA_Floor2,TypeB
1072,2025-04-04 21:09:23,21.49,51.89,BuildingB_Floor2,TypeA
1077,2025-04-05 08:25:47,33.0,57.37,BuildingB_Floor1,TypeB
1002,2025-04-07 21:30:23,31.9,75.57,BuildingB_Floor1,TypeC
1047,2025-04-08 01:27:53,24.82,54.13,BuildingB_Floor2,TypeA
1019,2025-04-08 18:40:24,19.56,56.53,BuildingA_Floor1,TypeB
1086,2025-04-06 20:28:25,23.94,61.58,BuildingB_Floor2,TypeB
1040,2025-04-05 03:37:03,28.56,52.13,BuildingB_Floor2,TypeA
1093,2025-04-05 09:10:36,32.25,49.32,BuildingA_Floor2,TypeC
1086,2025-04-06 19:25:19,26.67,67.84,BuildingA_Floor1,TypeB
1035,2025-04-08 07:34:33,28.68,73.73,BuildingB_Floor1,TypeA
1023,2025-04-08 03:06:11,31.87,56.45,BuildingB_Floor1,TypeA
1084,2025-04-04 06:18:29,25.71,65.12,BuildingB_Floor2,TypeA
1072,2025-04-06 04:47:46,22.6,72.8,BuildingA_Floor1,TypeC
1068,2025-04-07 08:09:32,26.38,60.25,BuildingA_Floor2,TypeB
1047,2025-04-08 01:14:54,21.65,44.89,BuildingB_Floor1,TypeC
1082,2025-04-08 01:56:43,25.22,30.27,BuildingB_Floor1,TypeC
1098,2025-04-08 19:25:28,25.2,59.24,BuildingB_Floor2,TypeA
1072,2025-04-05 18:32:53,16.93,73.58,BuildingB_Floor1,TypeA
1019,2025-04-04 17:29:21,31.14,45.44,BuildingB_Floor2,TypeC
1100,2025-04-07 07:44:21,27.95,32.48,BuildingB_Floor2,TypeC
1082,2025-04-08 19:43:56,34.89,73.45,BuildingA_Floor2,TypeC
1020,2025-04-05 15:13:49,29.75,71.26,BuildingA_Floor1,TypeC
1089,2025-04-07 23:20:52,34.47,34.56,BuildingA_Floor2,TypeB
1038,2025-04-06 23:14:34,15.23,44.69,BuildingB_Floor1,TypeA
1060,2025-04-07 17:35:29,32.91,75.72,BuildingA_Floor1,TypeB
1078,2025-04-06 21:19:08,23.35,39.64,BuildingB_Floor1,TypeB
1029,2025-04-08 21:21:40,23.93,49.61,BuildingB_Floor2,TypeC
1073,2025-04-07 00:18:54,24.53,56.2,BuildingA_Floor2,TypeA
1027,2025-04-07 13:22:33,28.96,73.27,BuildingA_Floor2,TypeB
1086,2025-04-06 03:50:31,15.01,36.93,BuildingB_Floor2,TypeA
1018,2025-04-05 16:41:01,24.68,38.76,BuildingA_Floor2,TypeC
1005,2025-04-07 04:33:11,28.87,31.12,BuildingA_Floor1,TypeB
1085,2025-04-07 12:37:34,30.43,65.73,BuildingA_Floor1,TypeA
1075,2025-04-05 02:32:36,20.66,52.51,BuildingA_Floor2,TypeB
1047,2025-04-07 15:28:06,30.96,63.37,BuildingA_Floor2,TypeB
1040,2025-04-05 17:51:27,18.53,59.34,BuildingA_Floor1,TypeB
1045,2025-04-08 08:52:33,26.93,49.49,BuildingB_Floor1,TypeA
1002,2025-04-08 06:32:00,17.92,76.82,BuildingB_Floor2,TypeA
1064,2025-04-05 21:07:07,27.88,51.19,BuildingA_Floor2,TypeC
1001,2025-04-06 21:00:23,22.36,37.45,BuildingA_Floor2,TypeB
1098,2025-04-04 22:05:18,18.77,64.63,BuildingA_Floor1,TypeC
1055,2025-04-07 14:53:45,24.19,54.86,BuildingB_Floor2,TypeC
1015,2025-04-08 02:57:26,21.18,65.84,BuildingB_Floor2,TypeA
1062,2025-04-04 11:57:09,16.0,43.59,BuildingA_Floor1,TypeC
1092,2025-04-07 03:55:07,31.75,57.67,BuildingB_Floor2,TypeA
1024,2025-04-04 17:54:10,28.69,57.67,BuildingB_Floor2,TypeB
1001,2025-04-07 19:35:01,21.64,30.14,BuildingB_Floor1,TypeA
1003,2025-04-05 06:05:08,30.04,64.24,BuildingB_Floor1,TypeC
1022,2025-04-04 20:15:09,26.08,61.27,BuildingB_Floor1,TypeC
1063,2025-04-07 10:24:12,23.85,78.69,BuildingA_Floor2,TypeA
1089,2025-04-06 17:39:14,27.64,56.54,BuildingA_Floor1,TypeA
1001,2025-04-05 23:36:25,30.46,49.04,BuildingB_Floor1,TypeC
1004,2025-04-04 08:29:11,28.6,50.94,BuildingA_Floor1,TypeA
1023,2025-04-03 23:37:47,29.37,77.37,BuildingA_Floor1,TypeA
1064,2025-04-05 13:55:25,15.81,46.14,BuildingB_Floor2,TypeC
1077,2025-04-07 01:44:54,16.09,74.52,BuildingB_Floor2,TypeC
1096,2025-04-06 20:30:18,25.56,46.55,BuildingB_Floor1,TypeA
1016,2025-04-06 20:46:43,24.15,67.93,BuildingB_Floor2,TypeA
1055,2025-04-06 17:01:18,24.82,63.86,BuildingB_Floor1,TypeC
1050,2025-04-07 15:59:22,22.85,44.18,BuildingB_Floor2,TypeC
1034,2025-04-07 16:21:11,23.83,62.03,BuildingA_Floor1,TypeB
1085,2025-04-04 00:54:54,33.6,79.43,BuildingA_Floor1,TypeA
1038,2025-04-04 18:29:19,19.87,54.58,BuildingA_Floor1,TypeB
1039,2025-04-04 04:26:56,25.11,46.02,BuildingA_Floor1,TypeB
1042,2025-04-08 09:46:10,15.7,49.66,BuildingA_Floor1,TypeB
1083,2025-04-04 02:28:35,16.64,42.89,BuildingA_Floor1,TypeA
1025,2025-04-08 13:17:27,26.26,65.71,BuildingB_Floor1,TypeC
1017,2025-04-05 13:29:41,24.36,70.76,BuildingB_Floor1,TypeC
1099,2025-04-04 16:49:53,23.21,72.13,BuildingA_Floor1,TypeB
1010,2025-04-04 08:25:50,15.63,40.3,BuildingB_Floor2,TypeB
1081,2025-04-05 19:11:58,21.14,39.19,BuildingB_Floor2,TypeB
1048,2025-04-05 15:51:20,25.03,77.36,BuildingA_Floor1,TypeB
1078,2025-04-04 22:02:35,19.35,50.31,BuildingA_Floor2,TypeC
1054,2025-04-04 18:58:48,30.02,76.6,BuildingB_Floor2,TypeA
1071,2025-04-04 08:52:10,28.71,42.4,BuildingA_Floor2,TypeC
1028,2025-04-05 11:59:28,27.86,33.93,BuildingA_Floor2,TypeB
1095,2025-04-05 09:57:31,31.22,78.16,BuildingB_Floor2,TypeC
1014,2025-04-07 23:41:34,19.63,65.99,BuildingB_Floor1,TypeB
1086,2025-04-08 08:18:11,15.83,34.09,BuildingB_Floor2,TypeA
1003,2025-04-06 22:04:53,32.09,41.05,BuildingB_Floor2,TypeB
1088,2025-04-05 12:47:43,27.97,63.31,BuildingB_Floor1,TypeC
1085,2025-04-06 02:22:35,28.11,77.27,BuildingA_Floor1,TypeB
1053,2025-04-03 22:07:42,33.61,63.48,BuildingB_Floor1,TypeB
1007,2025-04-04 11:44:59,16.98,66.99,BuildingB_Floor1,TypeC
1049,2025-04-06 10:30:17,32.53,40.78,BuildingA_Floor2,TypeB
1023,2025-04-08 04:20:11,33.88,35.28,BuildingA_Floor2,TypeC
1021,2025-04-05 19:50:51,34.65,62.14,BuildingA_Floor1,TypeC
1041,2025-04-07 09:41:18,22.21,42.49,BuildingA_Floor1,TypeA
1099,2025-04-04 19:57:28,21.01,66.18,BuildingB_Floor2,TypeA
1040,2025-04-05 16:32:05,31.44,34.56,BuildingA_Floor2,TypeB
1039,2025-04-07 03:07:50,27.69,39.63,BuildingA_Floor2,TypeA
1075,2025-04-08 10:29:10,20.47,60.06,BuildingB_Floor1,TypeB
1069,2025-04-08 10:40:32,33.22,32.19,BuildingA_Floor2,TypeC
1024,2025-04-03 23:22:51,21.71,72.07,BuildingA_Floor2,TypeB
1085,2025-04-08 10:00:44,19.95,39.14,BuildingB_Floor1,TypeB
1027,2025-04-04 11:33:40,25.02,79.58,BuildingB_Floor2,TypeA
1035,2025-04-04 02:09:34,20.69,73.72,BuildingA_Floor2,TypeC
1003,2025-04-05 20:40:42,30.97,50.56,BuildingB_Floor2,TypeC
1005,2025-04-04 04:27:31,23.8,73.32,BuildingB_Floor1,TypeC
1095,2025-04-05 14:02:04,19.87,56.95,BuildingB_Floor1,TypeC
1000,2025-04-08 17:03:47,24.79,59.14,BuildingB_Floor1,TypeB
1036,2025-04-05 15:38:53,32.36,58.17,BuildingB_Floor1,TypeA
1010,2025-04-04 01:06:00,29.08,34.49,BuildingA_Floor1,TypeB
1026,2025-04-06 15:40:32,21.34,45.59,BuildingB_Floor2,TypeB
1014,2025-04-03 23:44:43,33.43,40.88,BuildingA_Floor1,TypeC
1013,2025-04-06 20:55:58,32.15,66.9,BuildingB_Floor2,TypeC
1084,2025-04-05 17:25:47,26.33,70.68,BuildingB_Floor1,TypeB
1065,2025-04-06 06:02:12,29.27,34.76,BuildingA_Floor2,TypeC
1028,2025-04-05 04:54:11,34.66,52.52,BuildingA_Floor1,TypeC
1049,2025-04-05 03:10:15,21.56,45.9,BuildingB_Floor1,TypeA
1091,2025-04-04 03:29:10,24.7,61.98,BuildingB_Floor1,TypeA
1026,2025-04-06 08:00:41,21.93,61.76,BuildingB_Floor1,TypeB
1026,2025-04-04 07:41:23,23.59,31.38,BuildingB_Floor2,TypeA
1090,2025-04-04 06:39:29,21.11,57.44,BuildingB_Floor1,TypeA
1068,2025-04-06 14:14:24,17.6,41.02,BuildingA_Floor2,TypeA
1036,2025-04-05 13:50:20,26.28,65.93,BuildingB_Floor1,TypeA
1057,2025-04-06 05:21:37,27.99,49.03,BuildingB_Floor2,TypeB
1063,2025-04-07 22:49:16,15.69,59.59,BuildingA_Floor1,TypeC
1071,2025-04-07 05:32:25,28.25,32.34,BuildingB_Floor2,TypeC
1062,2025-04-08 11:17:15,33.01,41.49,BuildingA_Floor1,TypeB
1001,2025-04-05 18:03:40,21.84,70.6,BuildingB_Floor2,TypeA
1000,2025-04-05 18:09:04,33.94,75.68,BuildingA_Floor1,TypeC
1071,2025-04-04 16:08:57,28.46,74.52,BuildingA_Floor2,TypeB
1061,2025-04-08 03:22:54,34.97,49.4,BuildingB_Floor1,TypeA
1054,2025-04-08 04:26:52,22.07,73.46,BuildingA_Floor2,TypeC
1037,2025-04-03 23:06:04,32.08,70.53,BuildingB_Floor1,TypeA
1001,2025-04-05 12:10:18,24.54,78.8,BuildingA_Floor2,TypeB
1071,2025-04-06 02:26:07,27.37,43.28,BuildingB_Floor1,TypeC
1010,2025-04-06 19:43:25,15.22,48.98,BuildingA_Floor1,TypeC
1007,2025-04-08 04:40:52,17.55,68.13,BuildingB_Floor1,TypeC
1075,2025-04-06 21:28:26,19.14,36.33,BuildingB_Floor2,TypeB
1068,2025-04-04 13:49:24,21.51,39.2,BuildingA_Floor1,TypeA
1014,2025-04-07 21:54:49,32.75,45.21,BuildingB_Floor2,TypeB
1068,2025-04-06 11:44:49,29.06,31.5,BuildingA_Floor1,TypeA
1031,2025-04-07 19:10:52,34.04,62.92,BuildingA_Floor2,TypeB
1027,2025-04-07 07:04:53,23.16,45.38,BuildingB_Floor2,TypeC
1060,2025-04-04 11:45:48,32.09,57.55,BuildingB_Floor2,TypeC
1017,2025-04-05 22:46:31,33.23,77.42,BuildingB_Floor1,TypeA
1013,2025-04-06 05:25:54,29.65,42.35,BuildingB_Floor1,TypeA
1027,2025-04-07 19:58:02,18.09,39.17,BuildingB_Floor1,TypeB
1023,2025-04-04 11:54:06,24.14,70.37,BuildingB_Floor1,TypeA
1054,2025-04-05 19:06:27,25.9,59.3,BuildingA_Floor2,TypeA
1019,2025-04-05 13:44:56,18.12,51.42,BuildingA_Floor1,TypeC
1005,2025-04-05 23:35:42,18.2,66.24,BuildingA_Floor1,TypeB
1085,2025-04-05 21:18:33,29.29,77.74,BuildingB_Floor2,TypeA
1046,2025-04-07 15:14:02,17.52,77.89,BuildingA_Floor1,TypeA
1008,2025-04-04 03:10:40,29.04,79.23,BuildingA_Floor1,TypeB
1018,2025-04-07 15:12:39,17.04,67.08,BuildingA_Floor2,TypeA
1049,2025-04-07 08:01:59,21.75,46.3,BuildingA_Floor1,TypeA
1069,2025-04-04 03:10:33,20.43,64.76,BuildingA_Floor2,TypeB
1089,2025-04-03 21:25:40,21.28,46.95,BuildingB_Floor2,TypeA
1009,2025-04-04 13:34:44,18.47,51.03,BuildingB_Floor2,TypeC
1088,2025-04-04 12:48:14,15.98,79.34,BuildingA_Floor2,TypeC
1017,2025-04-08 08:23:11,28.14,38.13,BuildingB_Floor1,TypeB
1085,2025-04-04 15:11:59,31.64,68.23,BuildingB_Floor1,TypeC
1059,2025-04-05 03:03:30,17.62,64.71,BuildingB_Floor2,TypeB
1089,2025-04-08 09:21:40,22.89,47.34,BuildingA_Floor1,TypeC
1054,2025-04-04 12:36:56,32.28,49.04,BuildingA_Floor1,TypeA
1099,2025-04-07 03:13:01,29.93,75.95,BuildingA_Floor2,TypeC
1100,2025-04-06 23:22:47,28.3,69.6,BuildingB_Floor1,TypeA
1046,2025-04-05 11:12:48,34.62,33.22,BuildingB_Floor2,TypeA
1017,2025-04-04 01:54:35,18.78,67.08,BuildingB_Floor1,TypeA
1095,2025-04-05 18:16:05,29.81,35.32,BuildingB_Floor2,TypeC
1011,2025-04-07 17:56:56,22.28,40.11,BuildingA_Floor1,TypeB
1043,2025-04-08 00:27:38,20.95,76.92,BuildingA_Floor1,TypeC
1014,2025-04-04 19:16:47,19.97,38.82,BuildingA_Floor1,TypeC
1034,2025-04-07 05:03:27,21.23,30.63,BuildingB_Floor1,TypeC
1021,2025-04-04 01:16:10,28.63,57.41,BuildingB_Floor1,TypeA
1032,2025-04-06 04:20:19,15.79,37.15,BuildingB_Floor2,TypeA
1014,2025-04-06 14:41:43,24.95,71.53,BuildingB_Floor2,TypeB
1094,2025-04-04 03:21:15,31.96,70.06,BuildingB_Floor1,TypeB
1069,2025-04-06 03:42:34,29.49,66.8,BuildingA_Floor1,TypeC
1038,2025-04-04 18:51:41,31.7,70.69,BuildingA_Floor1,TypeC
1088,2025-04-04 16:33:31,32.97,74.06,BuildingA_Floor1,TypeC
1011,2025-04-06 12:36:52,17.52,66.82,BuildingB_Floor1,TypeB
1077,2025-04-06 02:54:03,18.26,37.13,BuildingA_Floor1,TypeB
1097,2025-04-06 12:21:12,25.21,60.76,BuildingB_Floor1,TypeA
1063,2025-04-06 15:58:17,30.91,34.32,BuildingB_Floor1,TypeC
1012,2025-04-06 22:41:55,21.17,40.5,BuildingA_Floor2,TypeB
1097,2025-04-08 00:10:24,21.64,58.31,BuildingB_Floor1,TypeB
1073,2025-04-07 17:26:27,24.21,43.79,BuildingA_Floor2,TypeA
1022,2025-04-08 02:11:36,17.41,77.13,BuildingB_Floor2,TypeC
1004,2025-04-08 12:22:49,30.26,79.93,BuildingB_Floor2,TypeC
1010,2025-04-08 13:05:15,21.9,35.29,BuildingA_Floor1,TypeC
1010,2025-04-07 14:56:48,32.06,35.98,BuildingA_Floor2,TypeC
1100,2025-04-05 01:13:44,17.69,54.72,BuildingB_Floor2,TypeC
1095,2025-04-07 15:39:02,29.96,47.31,BuildingB_Floor2,TypeA
1055,2025-04-06 00:14:45,27.6,54.24,BuildingA_Floor1,TypeB
1039,2025-04-06 18:09:44,24.91,59.98,BuildingA_Floor1,TypeA
1053,2025-04-06 10:01:50,27.06,59.22,BuildingB_Floor1,TypeC
1017,2025-04-04 00:24:21,15.83,67.25,BuildingB_Floor1,TypeA
1058,2025-04-06 04:17:28,21.17,54.95,BuildingA_Floor1,TypeC
1012,2025-04-07 12:08:46,17.07,63.14,BuildingA_Floor1,TypeB
1060,2025-04-08 14:00:55,19.02,74.97,BuildingB_Floor2,TypeB
1078,2025-04-08 00:02:33,32.45,51.95,BuildingA_Floor1,TypeA
1060,2025-04-05 06:42:33,16.32,30.23,BuildingB_Floor1,TypeB
1087,2025-04-06 23:02:12,27.94,42.09,BuildingB_Floor2,TypeC
1004,2025-04-07 01:46:41,20.43,56.97,BuildingA_Floor2,TypeA
1051,2025-04-06 22:35:16,29.03,65.51,BuildingB_Floor2,TypeC
1050,2025-04-07 01:32:41,30.65,77.78,BuildingA_Floor2,TypeC
1017,2025-04-06 18:54:41,28.96,75.83,BuildingA_Floor2,TypeB
1079,2025-04-08 00:18:57,16.86,42.14,BuildingA_Floor1,TypeB
1071,2025-04-05 22:03:03,28.16,63.05,BuildingB_Floor1,TypeC
1064,2025-04-07 08:35:45,30.65,31.49,BuildingA_Floor2,TypeB
1071,2025-04-05 11:15:50,15.66,70.17,BuildingB_Floor2,TypeA
1023,2025-04-06 02:48:15,34.09,62.66,BuildingA_Floor1,TypeC
1081,2025-04-08 18:08:29,32.38,49.71,BuildingB_Floor2,TypeA
1021,2025-04-04 21:01:26,27.03,41.99,BuildingB_Floor2,TypeB
1088,2025-04-04 20:56:01,25.15,54.27,BuildingB_Floor2,TypeA
1047,2025-04-05 08:31:28,19.31,59.27,BuildingB_Floor2,TypeC
1042,2025-04-04 18:01:49,18.76,52.88,BuildingA_Floor2,TypeA
1018,2025-04-05 03:38:46,19.19,70.58,BuildingA_Floor2,TypeB
1013,2025-04-07 14:01:31,21.12,44.85,BuildingB_Floor2,TypeC
1064,2025-04-08 16:42:34,19.36,49.02,BuildingB_Floor2,TypeC
1040,2025-04-04 12:47:47,23.44,55.99,BuildingA_Floor1,TypeB
1014,2025-04-04 17:58:55,18.54,77.89,BuildingB_Floor1,TypeA
1062,2025-04-06 05:44:27,16.75,73.12,BuildingA_Floor1,TypeB
1062,2025-04-07 00:17:33,26.29,47.79,BuildingB_Floor1,TypeA
1011,2025-04-07 05:13:14,31.74,67.6,BuildingB_Floor1,TypeC
1036,2025-04-07 10:40:16,33.37,52.58,BuildingB_Floor2,TypeC
1068,2025-04-06 10:55:06,26.52,32.13,BuildingA_Floor1,TypeA
1037,2025-04-04 10:36:15,15.43,58.63,BuildingA_Floor2,TypeC
1075,2025-04-04 21:05:49,29.04,60.86,BuildingA_Floor1,TypeB
1035,2025-04-06 22:38:16,29.56,63.83,BuildingB_Floor1,TypeA
1026,2025-04-07 14:18:32,17.27,54.26,BuildingA_Floor2,TypeC
1069,2025-04-04 09:45:16,19.35,70.09,BuildingB_Floor1,TypeA
1005,2025-04-08 02:18:48,28.56,51.42,BuildingB_Floor2,TypeB
1091,2025-04-06 05:06:24,17.88,32.96,BuildingB_Floor1,TypeC
1068,2025-04-07 22:40:27,22.09,52.75,BuildingA_Floor2,TypeC
1038,2025-04-04 05:56:08,24.34,72.56,BuildingA_Floor1,TypeC
1047,2025-04-07 01:02:11,28.38,59.36,BuildingB_Floor2,TypeC
1000,2025-04-06 03:03:31,15.34,30.3,BuildingB_Floor1,TypeB
1047,2025-04-05 22:33:15,17.37,59.44,BuildingB_Floor2,TypeA
1011,2025-04-04 11:10:46,34.57,78.72,BuildingA_Floor1,TypeB
1095,2025-04-05 10:10:40,28.51,73.83,BuildingB_Floor1,TypeB
1061,2025-04-06 23:42:05,31.87,60.99,BuildingA_Floor2,TypeC
1007,2025-04-04 17:29:16,28.58,41.66,BuildingB_Floor2,TypeA
1020,2025-04-04 07:41:09,34.94,39.25,BuildingB_Floor2,TypeC
1017,2025-04-07 08:44:09,17.76,71.29,BuildingA_Floor2,TypeC
1062,2025-04-07 19:18:36,25.94,61.1,BuildingA_Floor1,TypeA
1012,2025-04-06 20:17:15,32.43,59.57,BuildingA_Floor1,TypeA
1075,2025-04-06 17:52:59,18.94,55.42,BuildingB_Floor1,TypeA
1018,2025-04-04 13:03:09,28.95,48.5,BuildingA_Floor1,TypeA
1080,2025-04-07 15:57:29,17.69,36.24,BuildingA_Floor2,TypeB
1008,2025-04-08 16:35:02,28.69,45.77,BuildingA_Floor1,TypeA
1031,2025-04-05 11:52:24,34.94,61.66,BuildingA_Floor1,TypeC
1051,2025-04-04 17:38:24,29.9,70.67,BuildingA_Floor2,TypeC
1093,2025-04-08 19:35:02,29.17,43.89,BuildingA_Floor1,TypeC
1070,2025-04-07 04:02:14,29.1,65.35,BuildingB_Floor2,TypeB
1039,2025-04-08 14:30:41,21.25,62.67,BuildingA_Floor1,TypeB
1086,2025-04-06 02:38:42,22.55,57.81,BuildingA_Floor1,TypeC
1074,2025-04-08 06:54:16,25.66,57.23,BuildingA_Floor1,TypeA
1038,2025-04-05 09:59:58,28.02,65.56,BuildingB_Floor2,TypeC
1061,2025-04-05 15:44:54,17.42,48.07,BuildingA_Floor1,TypeB
1094,2025-04-08 21:12:46,30.36,36.95,BuildingB_Floor1,TypeC
1077,2025-04-06 06:09:18,24.77,35.08,BuildingA_Floor1,TypeB
1093,2025-04-08 14:28:52,20.98,62.54,BuildingA_Floor2,TypeA
1066,2025-04-04 07:58:18,29.23,45.5,BuildingB_Floor1,TypeA
1033,2025-04-07 11:36:54,30.81,40.52,BuildingA_Floor1,TypeB
1067,2025-04-06 03:09:59,19.63,31.77,BuildingB_Floor2,TypeC
1088,2025-04-08 12:28:05,33.57,43.49,BuildingB_Floor2,TypeC
1030,2025-04-05 19:59:31,17.14,62.59,BuildingA_Floor2,TypeB
1017,2025-04-04 10:25:32,30.88,38.95,BuildingB_Floor1,TypeB
1093,2025-04-04 11:19:00,30.48,35.54,BuildingB_Floor1,TypeC
1007,2025-04-08 05:29:50,29.82,73.01,BuildingA_Floor2,TypeA
1001,2025-04-06 08:04:27,24.86,36.9,BuildingA_Floor1,TypeB
1062,2025-04-07 16:05:46,22.5,63.35,BuildingA_Floor2,TypeC
1053,2025-04-04 23:55:24,16.97,44.41,BuildingA_Floor1,TypeC
1055,2025-04-06 04:45:46,25.97,61.31,BuildingA_Floor2,TypeA
1064,2025-04-05 23:54:15,26.25,42.57,BuildingB_Floor1,TypeC
1095,2025-04-07 22:32:40,32.96,31.07,BuildingB_Floor1,TypeB
1007,2025-04-05 01:41:51,30.72,50.15,BuildingB_Floor1,TypeB
1061,2025-04-06 18:13:06,27.48,37.37,BuildingA_Floor2,TypeA
1091,2025-04-05 16:43:53,26.68,59.77,BuildingA_Floor2,TypeA
1026,2025-04-08 18:41:33,33.26,74.11,BuildingB_Floor1,TypeB
1001,2025-04-03 22:57:33,32.54,31.39,BuildingB_Floor1,TypeA
1085,2025-04-04 16:07:58,20.59,74.18,BuildingA_Floor2,TypeC
1090,2025-04-04 21:20:17,16.26,68.15,BuildingA_Floor1,TypeB
1075,2025-04-05 19:00:58,22.93,38.06,BuildingA_Floor1,TypeB
1035,2025-04-07 05:12:01,21.33,61.58,BuildingA_Floor1,TypeB
1020,2025-04-04 00:28:08,24.61,78.72,BuildingA_Floor1,TypeA
1002,2025-04-04 15:38:24,17.82,55.71,BuildingB_Floor2,TypeB
1098,2025-04-06 19:14:35,23.63,31.3,BuildingB_Floor1,TypeA
1062,2025-04-05 11:36:34,26.73,61.98,BuildingA_Floor1,TypeA
1068,2025-04-08 06:58:57,26.01,56.15,BuildingA_Floor2,TypeA
1034,2025-04-07 13:19:42,27.67,49.96,BuildingB_Floor2,TypeA
1013,2025-04-04 12:56:44,29.74,30.46,BuildingB_Floor2,TypeC
1030,2025-04-07 07:08:47,18.05,66.78,BuildingB_Floor1,TypeA
1059,2025-04-07 18:32:06,15.01,50.83,BuildingB_Floor2,TypeA
1032,2025-04-06 09:05:46,26.54,65.31,BuildingA_Floor1,TypeA
1031,2025-04-05 08:45:40,27.33,67.07,BuildingA_Floor1,TypeA
1094,2025-04-06 07:21:01,23.64,71.33,BuildingA_Floor1,TypeC
1018,2025-04-04 18:15:12,32.98,59.69,BuildingB_Floor2,TypeA
1084,2025-04-07 14:31:09,19.02,64.75,BuildingA_Floor1,TypeA
1097,2025-04-05 15:30:42,17.13,76.07,BuildingA_Floor1,TypeC
1015,2025-04-06 13:28:30,22.46,46.28,BuildingA_Floor2,TypeC
1073,2025-04-07 07:53:53,22.32,51.37,BuildingA_Floor2,TypeB
1017,2025-04-04 05:11:46,23.11,31.94,BuildingB_Floor2,TypeC
1010,2025-04-08 07:39:57,34.8,51.23,BuildingB_Floor2,TypeB
1074,2025-04-06 21:06:07,16.22,76.38,BuildingB_Floor1,TypeC
1054,2025-04-05 06:38:38,27.33,43.37,BuildingA_Floor1,TypeB
1051,2025-04-08 04:36:21,28.97,69.08,BuildingA_Floor1,TypeA
1033,2025-04-06 03:48:57,33.48,48.1,BuildingB_Floor2,TypeC
1011,2025-04-08 06:10:32,31.2,59.04,BuildingA_Floor2,TypeC
1034,2025-04-08 00:14:12,33.96,35.49,BuildingA_Floor2,TypeA
1000,2025-04-07 18:17:46,31.85,38.65,BuildingA_Floor1,TypeB
1084,2025-04-04 06:18:39,25.81,68.35,BuildingB_Floor1,TypeC
1057,2025-04-05 15:37:55,27.78,50.1,BuildingB_Floor2,TypeA
1023,2025-04-03 22:46:29,17.51,63.68,BuildingA_Floor1,TypeB
1056,2025-04-07 03:36:31,33.74,50.99,BuildingA_Floor1,TypeC
1035,2025-04-04 00:32:49,21.6,65.68,BuildingA_Floor1,TypeB
1034,2025-04-07 22:41:46,15.74,73.38,BuildingA_Floor2,TypeB
1025,2025-04-04 21:10:36,27.57,50.29,BuildingA_Floor2,TypeB
1020,2025-04-07 18:26:31,24.35,59.08,BuildingB_Floor2,TypeC
1084,2025-04-07 01:36:09,19.64,45.5,BuildingA_Floor1,TypeA
1005,2025-04-06 18:22:22,24.45,72.99,BuildingA_Floor1,TypeC
1029,2025-04-07 19:57:53,16.34,43.98,BuildingA_Floor2,TypeA
1051,2025-04-06 08:46:53,22.0,30.75,BuildingA_Floor1,TypeA
1048,2025-04-05 08:51:11,34.17,57.24,BuildingA_Floor1,TypeA
1001,2025-04-08 08:04:21,31.35,49.14,BuildingB_Floor1,TypeB
1040,2025-04-07 19:35:42,16.01,50.44,BuildingA_Floor2,TypeC
1013,2025-04-07 05:17:34,28.74,56.69,BuildingA_Floor1,TypeB
1098,2025-04-07 05:43:13,17.93,78.95,BuildingA_Floor1,TypeC
1087,2025-04-04 01:59:06,33.13,37.52,BuildingA_Floor2,TypeC
1083,2025-04-06 20:50:24,18.37,75.95,BuildingB_Floor1,TypeB
1075,2025-04-06 20:16:21,30.28,58.15,BuildingA_Floor2,TypeA
1071,2025-04-04 10:33:46,18.26,31.21,BuildingA_Floor1,TypeC
1026,2025-04-04 21:45:52,27.7,64.33,BuildingA_Floor2,TypeB
1080,2025-04-06 23:13:22,30.19,75.13,BuildingA_Floor1,TypeA
1002,2025-04-05 00:26:56,21.85,42.28,BuildingA_Floor2,TypeA
1066,2025-04-05 06:49:24,28.96,45.69,BuildingA_Floor2,TypeA
1009,2025-04-07 15:56:14,30.28,59.21,BuildingB_Floor2,TypeC
1090,2025-04-06 00:08:28,18.08,40.84,BuildingB_Floor2,TypeB
1084,2025-04-04 03:02:03,21.92,55.29,BuildingA_Floor1,TypeA
1072,2025-04-05 16:42:54,17.13,79.66,BuildingA_Floor1,TypeA
1025,2025-04-04 07:56:24,17.85,32.3,BuildingA_Floor1,TypeA
1084,2025-04-08 01:16:04,33.15,41.66,BuildingB_Floor1,TypeA
1061,2025-04-05 10:47:56,21.54,47.88,BuildingA_Floor2,TypeB
1045,2025-04-06 03:30:21,23.17,66.15,BuildingB_Floor2,TypeC
1062,2025-04-08 02:49:20,33.85,44.37,BuildingA_Floor1,TypeA
1062,2025-04-06 15:29:23,18.54,69.43,BuildingB_Floor2,TypeB
1015,2025-04-04 13:05:01,26.9,41.31,BuildingA_Floor1,TypeA
1099,2025-04-07 23:12:08,15.05,60.19,BuildingA_Floor2,TypeC
1088,2025-04-08 07:39:10,29.24,71.23,BuildingB_Floor2,TypeB
1100,2025-04-07 23:37:26,25.24,34.54,BuildingA_Floor1,TypeA
1024,2025-04-04 23:10:27,33.81,48.62,BuildingB_Floor2,TypeA
1090,2025-04-07 00:11:18,29.57,55.76,BuildingB_Floor1,TypeA
1087,2025-04-04 16:44:36,26.41,55.25,BuildingA_Floor2,TypeB
1052,2025-04-04 13:38:26,31.27,41.17,BuildingA_Floor2,TypeC
1027,2025-04-06 03:19:25,15.47,45.18,BuildingB_Floor2,TypeA
1043,2025-04-08 05:01:04,29.07,34.29,BuildingA_Floor2,TypeA
1094,2025-04-07 10:25:39,33.56,33.28,BuildingA_Floor2,TypeB
1061,2025-04-06 20:20:04,33.88,66.88,BuildingA_Floor1,TypeA
1009,2025-04-05 21:46:21,19.02,59.71,BuildingA_Floor1,TypeC
1043,2025-04-06 15:08:22,33.91,39.82,BuildingB_Floor1,TypeC
1010,2025-04-07 20:44:58,19.73,58.75,BuildingB_Floor1,TypeB
1019,2025-04-05 14:00:05,29.92,71.86,BuildingA_Floor2,TypeB
1058,2025-04-08 16:24:17,19.19,62.91,BuildingB_Floor2,TypeA
1028,2025-04-08 05:30:51,25.4,59.74,BuildingB_Floor2,TypeB
1047,2025-04-07 11:32:31,16.58,60.0,BuildingB_Floor1,TypeA
1090,2025-04-08 16:56:17,20.49,49.19,BuildingB_Floor2,TypeC
1072,2025-04-06 09:37:30,19.11,74.54,BuildingB_Floor1,TypeB
1032,2025-04-07 19:04:05,24.44,66.62,BuildingA_Floor1,TypeC
1095,2025-04-08 07:30:48,19.25,33.28,BuildingA_Floor1,TypeB
1006,2025-04-07 20:20:21,19.32,30.94,BuildingB_Floor2,TypeC
1019,2025-04-05 01:01:33,29.49,38.24,BuildingB_Floor2,TypeC
1017,2025-04-04 22:32:29,17.21,36.55,BuildingB_Floor1,TypeC
1023,2025-04-06 18:08:33,27.44,70.73,BuildingA_Floor2,TypeC
1030,2025-04-08 20:54:01,25.64,49.19,BuildingA_Floor1,TypeB
1078,2025-04-07 01:19:10,27.59,36.73,BuildingB_Floor2,TypeB
1025,2025-04-05 09:14:10,32.44,47.57,BuildingB_Floor2,TypeC
1074,2025-04-08 18:50:23,26.23,41.87,BuildingA_Floor1,TypeB
1012,2025-04-08 15:27:39,27.56,78.17,BuildingA_Floor1,TypeB
1061,2025-04-04 23:52:17,33.05,50.3,BuildingA_Floor2,TypeC
1039,2025-04-07 11:06:02,24.3,75.05,BuildingB_Floor2,TypeC
1038,2025-04-04 12:43:32,22.44,57.97,BuildingA_Floor2,TypeC
1070,2025-04-04 09:59:04,20.85,64.01,BuildingA_Floor2,TypeC
1060,2025-04-08 12:32:27,31.39,52.49,BuildingA_Floor1,TypeC
1017,2025-04-06 12:00:35,21.88,33.8,BuildingA_Floor2,TypeA
1052,2025-04-04 15:33:30,28.91,58.2,BuildingB_Floor1,TypeA
1067,2025-04-08 18:27:27,32.14,56.37,BuildingA_Floor2,TypeA
1050,2025-04-06 07:14:14,16.8,38.24,BuildingB_Floor1,TypeB
1083,2025-04-08 12:00:19,19.66,76.15,BuildingA_Floor2,TypeC
1095,2025-04-05 19:56:32,21.6,71.23,BuildingA_Floor1,TypeA
1087,2025-04-05 13:31:35,23.76,52.54,BuildingB_Floor2,TypeA
1085,2025-04-06 03:28:28,21.03,33.48,BuildingA_Floor2,TypeC
1019,2025-04-06 17:55:13,25.56,78.31,BuildingB_Floor1,TypeA
1066,2025-04-07 10:42:32,32.62,60.11,BuildingA_Floor2,TypeC
1095,2025-04-06 08:19:09,16.16,63.74,BuildingA_Floor2,TypeB
1095,2025-04-05 16:27:07,33.48,54.91,BuildingB_Floor2,TypeB
1018,2025-04-05 08:12:38,23.95,40.65,BuildingB_Floor2,TypeA
1035,2025-04-05 09:59:25,22.31,43.69,BuildingA_Floor2,TypeC
1098,2025-04-05 00:19:31,25.45,33.95,BuildingA_Floor1,TypeA
1039,2025-04-04 12:30:53,26.43,33.69,BuildingB_Floor1,TypeC
1033,2025-04-03 21:47:25,30.87,47.26,BuildingA_Floor2,TypeA
1025,2025-04-06 09:35:24,32.51,69.43,BuildingB_Floor1,TypeB
1089,2025-04-04 12:32:17,17.51,58.37,BuildingA_Floor2,TypeC
1068,2025-04-07 23:19:39,26.91,75.1,BuildingA_Floor2,TypeB
1040,2025-04-08 09:33:48,19.52,63.05,BuildingB_Floor1,TypeB
1091,2025-04-07 13:31:00,19.88,31.68,BuildingB_Floor1,TypeC
1080,2025-04-04 00:55:22,31.51,35.79,BuildingA_Floor1,TypeB
1049,2025-04-08 20:39:37,29.99,47.22,BuildingB_Floor1,TypeC
1040,2025-04-05 12:58:47,26.08,71.0,BuildingA_Floor1,TypeB
1049,2025-04-08 19:30:00,22.01,38.95,BuildingB_Floor2,TypeB
1062,2025-04-08 16:37:21,22.05,53.31,BuildingB_Floor1,TypeB
1030,2025-04-05 10:34:04,25.51,58.25,BuildingA_Floor1,TypeB
1090,2025-04-04 15:26:04,15.92,48.75,BuildingB_Floor1,TypeA
1054,2025-04-05 07:49:11,16.28,36.68,BuildingA_Floor1,TypeC
1097,2025-04-04 13:16:41,15.26,43.77,BuildingB_Floor1,TypeC
1086,2025-04-07 08:03:41,34.32,46.92,BuildingB_Floor1,TypeA
1019,2025-04-05 18:22:00,32.81,46.64,BuildingA_Floor2,TypeC
1069,2025-04-05 14:43:31,24.28,72.19,BuildingA_Floor1,TypeB
1033,2025-04-07 23:33:44,24.33,60.2,BuildingA_Floor1,TypeB
1051,2025-04-04 10:32:15,22.44,66.94,BuildingB_Floor1,TypeC
1062,2025-04-05 20:27:01,34.06,74.22,BuildingA_Floor1,TypeC
1058,2025-04-07 07:41:14,31.71,45.19,BuildingA_Floor2,TypeA
1006,2025-04-07 18:55:29,30.78,61.38,BuildingA_Floor1,TypeA
1052,2025-04-04 02:56:01,27.79,49.65,BuildingA_Floor1,TypeC
1091,2025-04-08 04:54:18,27.35,45.43,BuildingB_Floor1,TypeB
1041,2025-04-06 14:20:04,34.57,48.82,BuildingA_Floor1,TypeA
1042,2025-04-04 22:09:53,33.64,68.75,BuildingB_Floor1,TypeA
1030,2025-04-04 16:27:43,21.68,53.81,BuildingA_Floor1,TypeB
1042,2025-04-06 04:53:25,29.03,50.57,BuildingA_Floor2,TypeB
1061,2025-04-06 13:37:34,16.11,78.1,BuildingA_Floor2,TypeC
1046,2025-04-04 01:58:04,19.5,62.7,BuildingB_Floor1,TypeC
1018,2025-04-04 04:17:41,28.24,69.04,BuildingA_Floor2,TypeA
1088,2025-04-06 20:37:20,26.54,62.91,BuildingB_Floor1,TypeA
1098,2025-04-06 15:30:17,28.32,77.39,BuildingA_Floor1,TypeC
1097,2025-04-04 13:05:23,30.07,78.04,BuildingA_Floor2,TypeC
1050,2025-04-06 05:29:15,27.35,54.35,BuildingB_Floor2,TypeB
1007,2025-04-07 06:04:35,21.15,58.5,BuildingA_Floor1,TypeB
1023,2025-04-08 17:07:18,30.37,50.96,BuildingB_Floor2,TypeA
1079,2025-04-08 02:53:24,21.56,69.74,BuildingB_Floor1,TypeC
1030,2025-04-04 05:07:26,15.39,61.87,BuildingA_Floor1,TypeA
1088,2025-04-04 23:42:04,17.81,45.32,BuildingB_Floor2,TypeA
1014,2025-04-07 03:32:02,33.1,61.46,BuildingA_Floor1,TypeB
1012,2025-04-05 05:37:15,28.92,36.26,BuildingA_Floor1,TypeC
1096,2025-04-04 10:35:30,34.21,34.83,BuildingA_Floor1,TypeB
1003,2025-04-05 09:19:29,22.45,70.74,BuildingB_Floor1,TypeA
1049,2025-04-06 07:52:00,30.8,76.91,BuildingB_Floor1,TypeC
1037,2025-04-04 08:58:27,19.63,46.16,BuildingA_Floor1,TypeB
1006,2025-04-05 20:04:39,16.46,64.61,BuildingB_Floor2,TypeB
1090,2025-04-04 10:47:26,20.47,41.37,BuildingA_Floor1,TypeA
1044,2025-04-07 21:22:23,17.51,56.45,BuildingA_Floor1,TypeA
1063,2025-04-07 22:27:04,25.31,73.74,BuildingB_Floor2,TypeC
1051,2025-04-04 21:55:10,17.28,62.22,BuildingA_Floor1,TypeB
1078,2025-04-07 09:03:40,22.28,46.62,BuildingB_Floor2,TypeC
1081,2025-04-05 15:10:53,19.81,74.22,BuildingA_Floor1,TypeC
1032,2025-04-07 04:16:24,25.05,74.23,BuildingA_Floor2,TypeB
1009,2025-04-08 04:25:30,29.23,55.01,BuildingA_Floor1,TypeB
1007,2025-04-05 16:26:16,24.08,59.15,BuildingB_Floor2,TypeA
1030,2025-04-08 00:50:56,30.36,63.74,BuildingB_Floor2,TypeB
1057,2025-04-07 10:54:30,33.33,38.68,BuildingB_Floor1,TypeA
1035,2025-04-07 14:39:26,25.07,66.83,BuildingB_Floor1,TypeB
1014,2025-04-05 02:16:36,23.57,34.92,BuildingA_Floor2,TypeA
1015,2025-04-06 11:25:15,30.99,68.55,BuildingB_Floor2,TypeC
1064,2025-04-04 22:37:22,23.44,69.64,BuildingB_Floor1,TypeC
1092,2025-04-07 21:28:26,25.75,40.42,BuildingB_Floor2,TypeC
1032,2025-04-06 05:48:13,24.19,64.68,BuildingA_Floor1,TypeB
1063,2025-04-05 23:14:32,26.96,55.17,BuildingB_Floor2,TypeC
1050,2025-04-06 01:12:32,32.75,76.14,BuildingA_Floor1,TypeB
1027,2025-04-04 10:23:20,25.6,78.25,BuildingA_Floor2,TypeA
1089,2025-04-04 15:04:12,17.28,64.25,BuildingB_Floor2,TypeA
1067,2025-04-05 18:12:35,34.73,57.16,BuildingB_Floor1,TypeA
1053,2025-04-08 09:08:44,29.62,68.47,BuildingA_Floor2,TypeA
1093,2025-04-06 15:56:39,15.82,41.47,BuildingA_Floor1,TypeC
1100,2025-04-07 23:50:16,15.21,43.48,BuildingA_Floor1,TypeB
1000,2025-04-08 01:07:13,24.36,40.6,BuildingB_Floor2,TypeA
1025,2025-04-04 19:28:28,25.65,73.53,BuildingB_Floor1,TypeA
1005,2025-04-05 23:54:46,28.13,70.04,BuildingA_Floor1,TypeB
1007,2025-04-04 13:47:54,15.95,37.07,BuildingA_Floor1,TypeA
1049,2025-04-05 08:44:04,18.05,58.99,BuildingA_Floor1,TypeA
1040,2025-04-07 18:01:25,33.25,33.24,BuildingB_Floor2,TypeC
1079,2025-04-06 09:18:14,18.43,48.7,BuildingB_Floor1,TypeA
1098,2025-04-06 02:50:35,16.75,52.52,BuildingB_Floor2,TypeB
1055,2025-04-04 01:10:33,33.46,43.99,BuildingB_Floor1,TypeA
1041,2025-04-07 15:16:11,19.66,49.32,BuildingA_Floor1,TypeB
1012,2025-04-07 01:29:08,21.84,70.54,BuildingB_Floor1,TypeC
1000,2025-04-04 11:35:04,31.87,57.22,BuildingA_Floor1,TypeB
1027,2025-04-03 21:56:40,23.5,30.13,BuildingB_Floor2,TypeA
1077,2025-04-07 20:19:55,16.16,72.46,BuildingB_Floor1,TypeC
1082,2025-04-07 05:29:56,20.13,30.19,BuildingB_Floor1,TypeB
1053,2025-04-08 00:05:31,17.62,74.55,BuildingB_Floor2,TypeB
1058,2025-04-03 23:56:37,18.14,34.57,BuildingA_Floor2,TypeC
1074,2025-04-07 04:57:33,18.96,39.86,BuildingA_Floor1,TypeC
1044,2025-04-07 14:40:32,17.04,42.24,BuildingA_Floor2,TypeA
1036,2025-04-05 09:39:47,33.85,37.65,BuildingA_Floor2,TypeC
1066,2025-04-05 20:04:25,25.29,49.97,BuildingA_Floor1,TypeA
1001,2025-04-08 19:49:07,31.49,74.58,BuildingA_Floor1,TypeA
1031,2025-04-07 02:16:11,20.18,52.1,BuildingB_Floor2,TypeB
1079,2025-04-07 05:40:40,29.94,76.06,BuildingA_Floor1,TypeB
1021,2025-04-04 03:42:29,25.44,66.68,BuildingB_Floor1,TypeB
1020,2025-04-06 10:26:27,19.37,63.17,BuildingB_Floor1,TypeC
1069,2025-04-04 07:55:47,19.39,60.44,BuildingA_Floor1,TypeC
1044,2025-04-05 22:12:41,23.52,49.94,BuildingA_Floor2,TypeC
1018,2025-04-05 15:31:58,16.63,73.82,BuildingB_Floor1,TypeB
1081,2025-04-07 08:30:01,18.2,45.43,BuildingA_Floor2,TypeB
1069,2025-04-07 22:00:28,28.62,56.76,BuildingA_Floor1,TypeB
1013,2025-04-04 17:29:17,32.09,65.3,BuildingA_Floor2,TypeA
1066,2025-04-04 15:27:24,33.77,57.06,BuildingB_Floor1,TypeA
1063,2025-04-05 20:55:23,24.76,33.57,BuildingA_Floor2,TypeA
1026,2025-04-04 18:22:23,23.16,43.18,BuildingA_Floor2,TypeA
1094,2025-04-07 02:15:16,29.13,72.71,BuildingA_Floor1,TypeB
1069,2025-04-07 04:48:10,26.42,65.4,BuildingB_Floor2,TypeB
1004,2025-04-06 17:20:11,30.42,33.83,BuildingB_Floor2,TypeB
1036,2025-04-07 14:44:05,33.13,42.56,BuildingB_Floor2,TypeB
1014,2025-04-08 02:57:52,18.51,54.76,BuildingB_Floor1,TypeB
1098,2025-04-07 15:19:45,17.59,61.44,BuildingA_Floor2,TypeC
1015,2025-04-08 13:08:46,20.93,55.55,BuildingB_Floor2,TypeC
1025,2025-04-04 15:37:49,23.01,47.79,BuildingA_Floor1,TypeB
1050,2025-04-05 22:02:43,33.99,35.71,BuildingB_Floor1,TypeA
1005,2025-04-07 14:19:20,31.04,41.53,BuildingB_Floor2,TypeB
1088,2025-04-06 03:37:26,30.64,42.45,BuildingB_Floor1,TypeB
1083,2025-04-04 21:06:52,26.85,59.31,BuildingA_Floor1,TypeC
1090,2025-04-07 17:54:56,18.41,44.87,BuildingB_Floor1,TypeC
1059,2025-04-08 11:15:20,21.6,73.31,BuildingB_Floor1,TypeC
1095,2025-04-05 22:38:17,20.83,78.93,BuildingB_Floor1,TypeA
1030,2025-04-06 12:03:28,31.52,38.19,BuildingB_Floor1,TypeA
1068,2025-04-06 19:33:14,33.4,47.92,BuildingB_Floor2,TypeA
1035,2025-04-07 14:17:37,25.72,79.65,BuildingA_Floor1,TypeA
1047,2025-04-08 13:08:52,26.64,46.41,BuildingB_Floor1,TypeC
1093,2025-04-06 05:05:36,24.56,62.79,BuildingA_Floor1,TypeC
1026,2025-04-05 16:44:46,27.45,56.59,BuildingA_Floor1,TypeA
1003,2025-04-05 08:17:57,19.16,48.42,BuildingB_Floor2,TypeA
1079,2025-04-05 23:44:34,33.6,72.08,BuildingB_Floor1,TypeA
1022,2025-04-06 10:21:25,32.07,31.93,BuildingA_Floor2,TypeA
1001,2025-04-08 15:53:00,23.74,45.86,BuildingB_Floor1,TypeC
1006,2025-04-05 09:17:19,28.9,73.76,BuildingB_Floor1,TypeC
1097,2025-04-04 09:56:25,23.48,56.43,BuildingB_Floor1,TypeB
1049,2025-04-06 04:57:36,16.32,51.1,BuildingB_Floor1,TypeB
1022,2025-04-04 01:35:06,20.85,75.21,BuildingA_Floor1,TypeC
1086,2025-04-06 22:09:49,29.39,71.23,BuildingA_Floor1,TypeC
1071,2025-04-04 12:37:30,33.89,52.68,BuildingA_Floor1,TypeC
1020,2025-04-05 15:17:32,29.79,78.52,BuildingB_Floor2,TypeA
1002,2025-04-08 15:15:33,33.26,60.47,BuildingB_Floor2,TypeB
1019,2025-04-05 17:45:34,16.42,66.66,BuildingA_Floor2,TypeA
1019,2025-04-06 17:54:12,22.03,54.01,BuildingB_Floor2,TypeA
1032,2025-04-04 11:28:00,24.05,65.87,BuildingB_Floor1,TypeA
1100,2025-04-06 09:19:16,18.63,34.68,BuildingA_Floor1,TypeA
1036,2025-04-04 08:23:59,19.06,79.88,BuildingA_Floor1,TypeA
1043,2025-04-08 09:14:36,30.88,75.86,BuildingA_Floor2,TypeC
1045,2025-04-05 17:41:48,22.07,34.51,BuildingB_Floor1,TypeC
1066,2025-04-06 15:24:01,22.37,38.71,BuildingA_Floor2,TypeB
1020,2025-04-05 17:09:38,17.4,59.94,BuildingA_Floor2,TypeC
1087,2025-04-05 15:55:32,19.98,38.58,BuildingB_Floor2,TypeC
1088,2025-04-07 01:57:11,23.66,56.37,BuildingB_Floor1,TypeB
1012,2025-04-04 13:18:20,31.43,57.83,BuildingA_Floor2,TypeA
1069,2025-04-07 04:26:30,23.32,33.39,BuildingB_Floor1,TypeC
1099,2025-04-07 16:48:04,20.61,52.91,BuildingB_Floor1,TypeA
1097,2025-04-07 11:07:45,28.71,42.54,BuildingB_Floor1,TypeA
1098,2025-04-04 15:12:09,26.43,77.97,BuildingB_Floor1,TypeC
1034,2025-04-08 21:17:57,28.77,41.12,BuildingA_Floor2,TypeA
1057,2025-04-06 16:38:07,17.43,60.42,BuildingB_Floor1,TypeC
1023,2025-04-04 13:19:25,31.82,67.02,BuildingA_Floor2,TypeB
1038,2025-04-06 17:06:09,16.79,38.31,BuildingA_Floor1,TypeC
1090,2025-04-08 19:37:19,30.27,55.36,BuildingA_Floor1,TypeA
1023,2025-04-08 15:39:54,24.05,35.48,BuildingA_Floor2,TypeC
1045,2025-04-06 15:16:30,18.74,30.23,BuildingB_Floor2,TypeA
1053,2025-04-05 11:33:15,18.97,74.77,BuildingB_Floor1,TypeA
1082,2025-04-05 05:04:30,17.24,65.56,BuildingA_Floor1,TypeC
1063,2025-04-04 20:37:10,30.26,61.29,BuildingB_Floor2,TypeA
1079,2025-04-07 02:46:04,20.11,61.8,BuildingB_Floor1,TypeC
1059,2025-04-08 08:43:12,15.3,54.95,BuildingA_Floor2,TypeB
1011,2025-04-03 22:33:47,28.25,41.9,BuildingB_Floor2,TypeB
1063,2025-04-05 18:15:31,18.31,33.45,BuildingB_Floor2,TypeC
1030,2025-04-04 02:50:31,33.57,38.28,BuildingB_Floor1,TypeC
1054,2025-04-05 05:45:45,31.45,65.58,BuildingA_Floor1,TypeB
1073,2025-04-04 04:06:19,21.97,30.05,BuildingA_Floor1,TypeB
1007,2025-04-05 04:03:25,29.76,39.8,BuildingA_Floor1,TypeB
1019,2025-04-08 05:19:20,23.79,76.88,BuildingB_Floor1,TypeB
1059,2025-04-06 23:07:50,25.3,64.61,BuildingA_Floor2,TypeC
1019,2025-04-06 13:34:54,32.79,72.71,BuildingB_Floor2,TypeA
1001,2025-04-05 07:54:15,15.73,52.68,BuildingA_Floor2,TypeB
1073,2025-04-08 06:28:20,31.9,64.48,BuildingB_Floor1,TypeB
1080,2025-04-08 00:32:36,25.02,59.41,BuildingB_Floor2,TypeA
1094,2025-04-07 08:24:32,23.24,38.64,BuildingB_Floor2,TypeA
1072,2025-04-05 11:53:28,17.24,78.33,BuildingA_Floor1,TypeC
1069,2025-04-06 06:11:59,27.6,41.61,BuildingA_Floor2,TypeC
1010,2025-04-05 22:11:46,32.64,79.19,BuildingA_Floor2,TypeB
1045,2025-04-08 21:12:27,19.63,46.43,BuildingA_Floor1,TypeB
1075,2025-04-05 05:37:53,16.37,63.07,BuildingA_Floor2,TypeA
1013,2025-04-04 00:17:32,31.06,69.18,BuildingA_Floor2,TypeB
1000,2025-04-07 13:43:53,16.1,75.9,BuildingB_Floor2,TypeA
1071,2025-04-04 05:58:31,32.39,36.46,BuildingB_Floor2,TypeB
1089,2025-04-05 07:33:31,23.49,68.54,BuildingA_Floor2,TypeA
1049,2025-04-05 06:25:47,26.36,62.58,BuildingA_Floor1,TypeA
1042,2025-04-07 00:19:55,28.56,67.13,BuildingA_Floor1,TypeC
1078,2025-04-06 21:20:36,31.68,66.22,BuildingA_Floor2,TypeA
1025,2025-04-04 03:07:09,16.85,57.23,BuildingB_Floor2,TypeB
1055,2025-04-04 01:52:16,26.41,58.22,BuildingA_Floor1,TypeC
1039,2025-04-08 17:36:48,17.75,51.51,BuildingB_Floor2,TypeB
1018,2025-04-05 16:59:24,26.31,68.68,BuildingB_Floor1,TypeA
1052,2025-04-07 19:43:13,29.2,39.72,BuildingB_Floor2,TypeB
1090,2025-04-06 22:48:34,34.72,39.51,BuildingA_Floor2,TypeB
1077,2025-04-08 16:15:01,21.27,39.46,BuildingA_Floor1,TypeC
1054,2025-04-06 08:48:37,21.01,76.75,BuildingB_Floor2,TypeA
1081,2025-04-05 06:46:27,25.33,46.57,BuildingA_Floor2,TypeA
1028,2025-04-08 17:56:06,34.93,69.86,BuildingA_Floor2,TypeC
1091,2025-04-04 14:56:06,19.17,73.29,BuildingB_Floor2,TypeB
1070,2025-04-05 09:39:18,23.28,61.08,BuildingB_Floor1,TypeC
1038,2025-04-04 18:30:08,34.72,33.01,BuildingB_Floor1,TypeC
1075,2025-04-08 19:41:52,23.29,78.62,BuildingA_Floor1,TypeA
1099,2025-04-06 19:57:02,24.91,59.45,BuildingB_Floor1,TypeC
1099,2025-04-08 20:37:03,23.22,39.33,BuildingB_Floor1,TypeA
1001,2025-04-08 06:45:28,28.85,75.34,BuildingB_Floor1,TypeC
1088,2025-04-07 18:42:29,28.25,48.88,BuildingA_Floor2,TypeB
1093,2025-04-08 18:40:56,21.58,50.93,BuildingB_Floor1,TypeA
1035,2025-04-06 10:33:40,33.48,40.28,BuildingB_Floor2,TypeA
1075,2025-04-08 12:36:57,27.24,30.97,BuildingB_Floor2,TypeC
1034,2025-04-08 00:22:38,18.34,68.29,BuildingA_Floor2,TypeC
1098,2025-04-07 20:18:41,30.23,74.66,BuildingA_Floor1,TypeC
1067,2025-04-08 11:06:31,27.48,35.79,BuildingA_Floor2,TypeC
1074,2025-04-08 05:30:48,30.07,68.12,BuildingB_Floor2,TypeA
1031,2025-04-06 02:01:07,19.83,38.92,BuildingA_Floor1,TypeB
1091,2025-04-06 18:47:26,25.91,40.91,BuildingB_Floor1,TypeA
1054,2025-04-05 02:37:50,19.73,38.49,BuildingB_Floor1,TypeC
1031,2025-04-06 06:19:39,16.15,31.52,BuildingB_Floor2,TypeB
